<?xml version="1.0" encoding="UTF-8" standalone="no"?>
<!--
  ~ JBoss, Home of Professional Open Source.
  ~ Copyright 2010, Red Hat, Inc., and individual contributors
  ~ as indicated by the @author tags. See the copyright.txt file in the
  ~ distribution for a full listing of individual contributors.
  ~
  ~ This is free software; you can redistribute it and/or modify it
  ~ under the terms of the GNU Lesser General Public License as
  ~ published by the Free Software Foundation; either version 2.1 of
  ~ the License, or (at your option) any later version.
  ~
  ~ This software is distributed in the hope that it will be useful,
  ~ but WITHOUT ANY WARRANTY; without even the implied warranty of
  ~ MERCHANTABILITY or FITNESS FOR A PARTICULAR PURPOSE. See the GNU
  ~ Lesser General Public License for more details.
  ~
  ~ You should have received a copy of the GNU Lesser General Public
  ~ License along with this software; if not, write to the Free
  ~ Software Foundation, Inc., 51 Franklin St, Fifth Floor, Boston, MA
  ~ 02110-1301 USA, or see the FSF site: http://www.fsf.org.
  --><module xmlns="urn:jboss:module:1.8" name="org.bedework.org.spring.context-support">
        
    <resources>
        <resource-root path="spring-context-support-5.2.19.RELEASE.jar"/>
    </resources>
    
    <dependencies>
        <module export="true" name="org.bedework.org.spring.beans">
            <exports>
                <include path="META-INF"/>
            </exports>
            <imports>
                <include path="META-INF"/>
            </imports>
        </module>
        <module export="true" name="org.bedework.org.spring.context">
            <exports>
                <include path="META-INF"/>
            </exports>
            <imports>
                <include path="META-INF"/>
            </imports>
        </module>
        <module export="true" name="org.bedework.org.spring.core">
            <exports>
                <include path="META-INF"/>
            </exports>
            <imports>
                <include path="META-INF"/>
            </imports>
        </module>
        <module export="true" name="javax.api"/>
    </dependencies>
</module>
